Workbook

Sheet general
A1: Date | B1: dia | C1: mes | D1: ano | E1: montoSpei | F1: montoCodi | G1: tc
A2: 30/09/2019 | B2: 30 | C2: 9 | D2: 2019 | E2: 591819872132 | F2: 187009 | G2: 19.6808
A3: 43475 | B3: 1 | C3: 10 | D3: 2019 | E3: 399300877736 | F3: 311813 | G3: 19.7345
A4: 43506 | B4: 2 | C4: 10 | D4: 2019 | E4: 347345747950 | F4: 360606 | G4: 19.7792
A5: 43534 | B5: 3 | C5: 10 | D5: 2019 | E5: 355588329503 | F5: 399780 | G5: 19.7985
A6: 43565 | B6: 4 | C6: 10 | D6: 2019 | E6: 375419478809 | F6: 398796 | G6: 19.7368
A7: 43595 | B7: 5 | C7: 10 | D7: 2019 | E7: 3023572523 | F7: 345316 | G7: N/E
A8: 43626 | B8: 6 | C8: 10 | D8: 2019 | E8: 919151358 | F8: 163872 | G8: N/E
A9: 43656 | B9: 7 | C9: 10 | D9: 2019 | E9: 386172005337 | F9: 624991 | G9: 19.5255
A10: 43687 | B10: 8 | C10: 10 | D10: 2019 | E10: 320907997801 | F10: 527727 | G10: 19.5522
A11: 43718 | B11: 9 | C11: 10 | D11: 2019 | E11: 320985979167 | F11: 605193 | G11: 19.584
A12: 43748 | B12: 10 | C12: 10 | D12: 2019 | E12: 385168005726 | F12: 577209 | G12: 19.5689
A13: 43779 | B13: 11 | C13: 10 | D13: 2019 | E13: 397588748875 | F13: 464555 | G13: 19.4764
A14: 43809 | B14: 12 | C14: 10 | D14: 2019 | E14: 3034973947 | F14: 563216 | G14: N/E
A15: 13/10/2019 | B15: 13 | C15: 10 | D15: 2019 | E15: 972067233 | F15: 243721 | G15: N/E
A16: 14/10/2019 | B16: 14 | C16: 10 | D16: 2019 | E16: 312316259731 | F16: 838965 | G16: 19.3217
A17: 15/10/2019 | B17: 15 | C17: 10 | D17: 2019 | E17: 397247596619 | F17: 1069213 | G17: 19.2652
A18: 16/10/2019 | B18: 16 | C18: 10 | D18: 2019 | E18: 348903833539 | F18: 859948 | G18: 19.252
A19: 17/10/2019 | B19: 17 | C19: 10 | D19: 2019 | E19: 400746336663 | F19: 775163 | G19: 19.2135
A20: 18/10/2019 | B20: 18 | C20: 10 | D20: 2019 | E20: 383230376744 | F20: 743314 | G20: 19.1602
A21: 19/10/2019 | B21: 19 | C21: 10 | D21: 2019 | E21: 2964290713 | F21: 333801 | G21: N/E
A22: 20/10/2019 | B22: 20 | C22: 10 | D22: 2019 | E22: 968300471 | F22: 275351 | G22: N/E
A23: 21/10/2019 | B23: 21 | C23: 10 | D23: 2019 | E23: 399801438681 | F23: 535767 | G23: 19.1492
A24: 22/10/2019 | B24: 22 | C24: 10 | D24: 2019 | E24: 310478325702 | F24: 967330 | G24: 19.1422
A25: 23/10/2019 | B25: 23 | C25: 10 | D25: 2019 | E25: 317438329365 | F25: 503909 | G25: 19.105
A26: 24/10/2019 | B26: 24 | C26: 10 | D26: 2019 | E26: 352781604649 | F26: 745018 | G26: 19.1258
A27: 25/10/2019 | B27: 25 | C27: 10 | D27: 2019 | E27: 378225617243 | F27: 722181 | G27: 19.0878
A28: 26/10/2019 | B28: 26 | C28: 10 | D28: 2019 | E28: 3038682779 | F28: 417800 | G28: N/E
A29: 27/10/2019 | B29: 27 | C29: 10 | D29: 2019 | E29: 966418275 | F29: 245675 | G29: N/E
A30: 28/10/2019 | B30: 28 | C30: 10 | D30: 2019 | E30: 384931004391 | F30: 623474 | G30: 19.082
A31: 29/10/2019 | B31: 29 | C31: 10 | D31: 2019 | E31: 367933216674 | F31: 797234 | G31: 19.0543
A32: 30/10/2019 | B32: 30 | C32: 10 | D32: 2019 | E32: 414735485597 | F32: 1465232 | G32: 19.1167
A33: 31/10/2019 | B33: 31 | C33: 10 | D33: 2019 | E33: 536527843702 | F33: 1545313 | G33: 19.1643
A34: 43476 | B34: 1 | C34: 11 | D34: 2019 | E34: 387304180613 | F34: 1478850 | G34: 19.1948
A35: 43507 | B35: 2 | C35: 11 | D35: 2019 | E35: 2764382707 | F35: 565142 | G35: N/E
A36: 43535 | B36: 3 | C36: 11 | D36: 2019 | E36: 1249554134 | F36: 576343 | G36: N/E
A37: 43566 | B37: 4 | C37: 11 | D37: 2019 | E37: 365680550500 | F37: 1269475 | G37: 19.1058
A38: 43596 | B38: 5 | C38: 11 | D38: 2019 | E38: 323215846220 | F38: 1110812 | G38: 19.1525
A39: 43627 | B39: 6 | C39: 11 | D39: 2019 | E39: 319855067578 | F39: 1295271 | G39: 19.2125
A40: 43657 | B40: 7 | C40: 11 | D40: 2019 | E40: 387888182173 | F40: 1246404 | G40: 19.1953
A41: 43688 | B41: 8 | C41: 11 | D41: 2019 | E41: 369354998037 | F41: 1268812 | G41: 19.1327
A42: 43719 | B42: 9 | C42: 11 | D42: 2019 | E42: 3355383116 | F42: 805039 | G42: N/E
A43: 43749 | B43: 10 | C43: 11 | D43: 2019 | E43: 1129986494 | F43: 538674 | G43: N/E
A44: 43780 | B44: 11 | C44: 11 | D44: 2019 | E44: 322586212312 | F44: 1348930 | G44: 19.1068
A45: 43810 | B45: 12 | C45: 11 | D45: 2019 | E45: 326005583049 | F45: 1341054 | G45: 19.109
A46: 13/11/2019 | B46: 13 | C46: 11 | D46: 2019 | E46: 371382745625 | F46: 1390373 | G46: 19.2178
A47: 14/11/2019 | B47: 14 | C47: 11 | D47: 2019 | E47: 438240703549 | F47: 2324687 | G47: 19.4543
A48: 15/11/2019 | B48: 15 | C48: 11 | D48: 2019 | E48: 451762993615 | F48: 1680075 | G48: 19.4228
A49: 16/11/2019 | B49: 16 | C49: 11 | D49: 2019 | E49: 4638281370 | F49: 1429651 | G49: N/E
A50: 17/11/2019 | B50: 17 | C50: 11 | D50: 2019 | E50: 1477999022 | F50: 898453 | G50: N/E
A51: 18/11/2019 | B51: 18 | C51: 11 | D51: 2019 | E51: 2836488465 | F51: 1096798 | G51: N/E
A52: 19/11/2019 | B52: 19 | C52: 11 | D52: 2019 | E52: 539994389812 | F52: 2068354 | G52: 19.2063
A53: 20/11/2019 | B53: 20 | C53: 11 | D53: 2019 | E53: 405923270434 | F53: 1463983 | G53: 19.3687
A54: 21/11/2019 | B54: 21 | C54: 11 | D54: 2019 | E54: 421907816962 | F54: 1137560 | G54: 19.48
A55: 22/11/2019 | B55: 22 | C55: 11 | D55: 2019 | E55: 412298222053 | F55: 1192750 | G55: 19.4138
A56: 23/11/2019 | B56: 23 | C56: 11 | D56: 2019 | E56: 3478807102 | F56: 601412 | G56: N/E
A57: 24/11/2019 | B57: 24 | C57: 11 | D57: 2019 | E57: 1124401667 | F57: 534014 | G57: N/E
A58: 25/11/2019 | B58: 25 | C58: 11 | D58: 2019 | E58: 391349832172 | F58: 1025630 | G58: 19.3987
A59: 26/11/2019 | B59: 26 | C59: 11 | D59: 2019 | E59: 355604159265 | F59: 997632 | G59: 19.4468
A60: 27/11/2019 | B60: 27 | C60: 11 | D60: 2019 | E60: 417924850704 | F60: 1215958 | G60: 19.5185
A61: 28/11/2019 | B61: 28 | C61: 11 | D61: 2019 | E61: 409633848638 | F61: 1648807 | G61: 19.5607
A62: 29/11/2019 | B62: 29 | C62: 11 | D62: 2019 | E62: 590449795543 | F62: 2157269 | G62: 19.6113
A63: 30/11/2019 | B63: 30 | C63: 11 | D63: 2019 | E63: 7181202780 | F63: 1538524 | G63: N/E
A64: 43477 | B64: 1 | C64: 12 | D64: 2019 | E64: 1968683732 | F64: 844112 | G64: N/E
A65: 43508 | B65: 2 | C65: 12 | D65: 2019 | E65: 494702393643 | F65: 1892060 | G65: 19.5352
A66: 43536 | B66: 3 | C66: 12 | D66: 2019 | E66: 365474338809 | F66: 1841098 | G66: 19.5717
A67: 43567 | B67: 4 | C67: 12 | D67: 2019 | E67: 367341532567 | F67: 1827202 | G67: 19.5678
A68: 43597 | B68: 5 | C68: 12 | D68: 2019 | E68: 472226087866 | F68: 1791066 | G68: 19.4707
A69: 43628 | B69: 6 | C69: 12 | D69: 2019 | E69: 443605870299 | F69: 1705883 | G69: 19.3688
A70: 43658 | B70: 7 | C70: 12 | D70: 2019 | E70: 4157463865 | F70: 1097300 | G70: N/E
A71: 43689 | B71: 8 | C71: 12 | D71: 2019 | E71: 1421400006 | F71: 674201 | G71: N/E
A72: 43720 | B72: 9 | C72: 12 | D72: 2019 | E72: 414512274567 | F72: 1534450 | G72: 19.3247
A73: 43750 | B73: 10 | C73: 12 | D73: 2019 | E73: 405844242897 | F73: 1415801 | G73: 19.2302
A74: 43781 | B74: 11 | C74: 12 | D74: 2019 | E74: 466796969128 | F74: 1600927 | G74: 19.2362
A75: 43811 | B75: 12 | C75: 12 | D75: 2019 | E75: 12226647635 | F75: 1309697 | G75: N/E
A76: 13/12/2019 | B76: 13 | C76: 12 | D76: 2019 | E76: 588845921715 | F76: 2122841 | G76: 19.1785
A77: 14/12/2019 | B77: 14 | C77: 12 | D77: 2019 | E77: 6124576269 | F77: 2063262 | G77: N/E
A78: 15/12/2019 | B78: 15 | C78: 12 | D78: 2019 | E78: 2375932207 | F78: 1153932 | G78: N/E
A79: 16/12/2019 | B79: 16 | C79: 12 | D79: 2019 | E79: 526877905800 | F79: 1673806 | G79: 19.0455
A80: 17/12/2019 | B80: 17 | C80: 12 | D80: 2019 | E80: 443266578650 | F80: 1479430 | G80: 18.9702
A81: 18/12/2019 | B81: 18 | C81: 12 | D81: 2019 | E81: 485360246091 | F81: 1400837 | G81: 18.9165
A82: 19/12/2019 | B82: 19 | C82: 12 | D82: 2019 | E82: 473348382345 | F82: 1479425 | G82: 18.9542
A83: 20/12/2019 | B83: 20 | C83: 12 | D83: 2019 | E83: 579143754877 | F83: 1479143 | G83: 18.964
A84: 21/12/2019 | B84: 21 | C84: 12 | D84: 2019 | E84: 5621576389 | F84: 997738 | G84: N/E
A85: 22/12/2019 | B85: 22 | C85: 12 | D85: 2019 | E85: 1688836780 | F85: 759666 | G85: N/E
A86: 23/12/2019 | B86: 23 | C86: 12 | D86: 2019 | E86: 523298768670 | F86: 1207389 | G86: 18.9133
A87: 24/12/2019 | B87: 24 | C87: 12 | D87: 2019 | E87: 322758926566 | F87: 1003458 | G87: 18.9385
A88: 25/12/2019 | B88: 25 | C88: 12 | D88: 2019 | E88: 1198377338 | F88: 465719 | G88: N/E
A89: 26/12/2019 | B89: 26 | C89: 12 | D89: 2019 | E89: 433810074011 | F89: 1058208 | G89: 18.9643
A90: 27/12/2019 | B90: 27 | C90: 12 | D90: 2019 | E90: 477574205924 | F90: 1156069 | G90: 18.9445
A91: 28/12/2019 | B91: 28 | C91: 12 | D91: 2019 | E91: 6322023200 | F91: 1335449 | G91: N/E
A92: 29/12/2019 | B92: 29 | C92: 12 | D92: 2019 | E92: 1673733684 | F92: 1588503 | G92: N/E
A93: 30/12/2019 | B93: 30 | C93: 12 | D93: 2019 | E93: 595909064263 | F93: 1390091 | G93: 18.8452
A94: 31/12/2019 | B94: 31 | C94: 12 | D94: 2019 | E94: 534519442806 | F94: 1130198 | G94: 18.8727
A95: 43831 | B95: 1 | C95: 1 | D95: 2020 | E95: 1758232514 | F95: 592867 | G95: N/E
A96: 43862 | B96: 2 | C96: 1 | D96: 2020 | E96: 454142382960 | F96: 1265123 | G96: 18.8642
A97: 43891 | B97: 3 | C97: 1 | D97: 2020 | E97: 345896558358 | F97: 1247464 | G97: 18.8817
A98: 43922 | B98: 4 | C98: 1 | D98: 2020 | E98: 3689216854 | F98: 829770 | G98: N/E
A99: 43952 | B99: 5 | C99: 1 | D99: 2020 | E99: 1459197082 | F99: 555412 | G99: N/E
A100: 43983 | B100: 6 | C100: 1 | D100: 2020 | E100: 375767166781 | F100: 1153693 | G100: 18.8673
...

Sheet general_spid
A1: Date | B1: dia | C1: mes | D1: ano | E1: montoSpei | F1: montoCodi | G1: tc
A2: 30/09/2019 | B2: 30 | C2: 9 | D2: 2019 | E2: 591819872132 | F2: 187009 | G2: 19.6808
A3: 43475 | B3: 1 | C3: 10 | D3: 2019 | E3: 399300877736 | F3: 311813 | G3: 19.7345
A4: 43506 | B4: 2 | C4: 10 | D4: 2019 | E4: 347345747950 | F4: 360606 | G4: 19.7792
A5: 43534 | B5: 3 | C5: 10 | D5: 2019 | E5: 355588329503 | F5: 399780 | G5: 19.7985
A6: 43565 | B6: 4 | C6: 10 | D6: 2019 | E6: 375419478809 | F6: 398796 | G6: 19.7368
A7: 43656 | B7: 7 | C7: 10 | D7: 2019 | E7: 386172005337 | F7: 624991 | G7: 19.5255
A8: 43687 | B8: 8 | C8: 10 | D8: 2019 | E8: 320907997801 | F8: 527727 | G8: 19.5522
A9: 43718 | B9: 9 | C9: 10 | D9: 2019 | E9: 320985979167 | F9: 605193 | G9: 19.584
A10: 43748 | B10: 10 | C10: 10 | D10: 2019 | E10: 385168005726 | F10: 577209 | G10: 19.5689
A11: 43779 | B11: 11 | C11: 10 | D11: 2019 | E11: 397588748875 | F11: 464555 | G11: 19.4764
A12: 14/10/2019 | B12: 14 | C12: 10 | D12: 2019 | E12: 312316259731 | F12: 838965 | G12: 19.3217
A13: 15/10/2019 | B13: 15 | C13: 10 | D13: 2019 | E13: 397247596619 | F13: 1069213 | G13: 19.2652
A14: 16/10/2019 | B14: 16 | C14: 10 | D14: 2019 | E14: 348903833539 | F14: 859948 | G14: 19.252
A15: 17/10/2019 | B15: 17 | C15: 10 | D15: 2019 | E15: 400746336663 | F15: 775163 | G15: 19.2135
A16: 18/10/2019 | B16: 18 | C16: 10 | D16: 2019 | E16: 383230376744 | F16: 743314 | G16: 19.1602
A17: 21/10/2019 | B17: 21 | C17: 10 | D17: 2019 | E17: 399801438681 | F17: 535767 | G17: 19.1492
A18: 22/10/2019 | B18: 22 | C18: 10 | D18: 2019 | E18: 310478325702 | F18: 967330 | G18: 19.1422
A19: 23/10/2019 | B19: 23 | C19: 10 | D19: 2019 | E19: 317438329365 | F19: 503909 | G19: 19.105
A20: 24/10/2019 | B20: 24 | C20: 10 | D20: 2019 | E20: 352781604649 | F20: 745018 | G20: 19.1258
A21: 25/10/2019 | B21: 25 | C21: 10 | D21: 2019 | E21: 378225617243 | F21: 722181 | G21: 19.0878
A22: 28/10/2019 | B22: 28 | C22: 10 | D22: 2019 | E22: 384931004391 | F22: 623474 | G22: 19.082
A23: 29/10/2019 | B23: 29 | C23: 10 | D23: 2019 | E23: 367933216674 | F23: 797234 | G23: 19.0543
... A25: 31/10/2019 | B25: 31 | C25: 10 | D25: 2019 | E25: 536527843702 | F25: 1545313 | G25: 19.1643
A26: 43476 | B26: 1 | C26: 11 | D26: 2019 | E26: 387304180613 | F26: 1478850 | G26: 19.1948
A27: 43566 | B27: 4 | C27: 11 | D27: 2019 | E27: 365680550500 | F27: 1269475 | G27: 19.1058
A28: 43596 | B28: 5 | C28: 11 | D28: 2019 | E28: 323215846220 | F28: 1110812 | G28: 19.1525
A29: 43627 | B29: 6 | C29: 11 | D29: 2019 | E29: 319855067578 | F29: 1295271 | G29: 19.2125
A30: 43657 | B30: 7 | C30: 11 | D30: 2019 | E30: 387888182173 | F30: 1246404 | G30: 19.1953
A31: 43688 | B31: 8 | C31: 11 | D31: 2019 | E31: 369354998037 | F31: 1268812 | G31: 19.1327
A32: 43780 | B32: 11 | C32: 11 | D32: 2019 | E32: 322586212312 | F32: 1348930 | G32: 19.1068
A33: 43810 | B33: 12 | C33: 11 | D33: 2019 | E33: 326005583049 | F33: 1341054 | G33: 19.109
A34: 13/11/2019 | B34: 13 | C34: 11 | D34: 2019 | E34: 371382745625 | F34: 1390373 | G34: 19.2178
A35: 14/11/2019 | B35: 14 | C35: 11 | D35: 2019 | E35: 438240703549 | F35: 2324687 | G35: 19.4543
A36: 15/11/2019 | B36: 15 | C36: 11 | D36: 2019 | E36: 451762993615 | F36: 1680075 | G36: 19.4228
A37: 19/11/2019 | B37: 19 | C37: 11 | D37: 2019 | E37: 539994389812 | F37: 2068354 | G37: 19.2063
A38: 20/11/2019 | B38: 20 | C38: 11 | D38: 2019 | E38: 405923270434 | F38: 1463983 | G38: 19.3687
A39: 21/11/2019 | B39: 21 | C39: 11 | D39: 2019 | E39: 421907816962 | F39: 1137560 | G39: 19.48
A40: 22/11/2019 | B40: 22 | C40: 11 | D40: 2019 | E40: 412298222053 | F40: 1192750 | G40: 19.4138
A41: 25/11/2019 | B41: 25 | C41: 11 | D41: 2019 | E41: 391349832172 | F41: 1025630 | G41: 19.3987
A42: 26/11/2019 | B42: 26 | C42: 11 | D42: 2019 | E42: 355604159265 | F42: 997632 | G42: 19.4468
A43: 27/11/2019 | B43: 27 | C43: 11 | D43: 2019 | E43: 417924850704 | F43: 1215958 | G43: 19.5185
A44: 28/11/2019 | B44: 28 | C44: 11 | D44: 2019 | E44: 409633848638 | F44: 1648807 | G44: 19.5607
A45: 29/11/2019 | B45: 29 | C45: 11 | D45: 2019 | E45: 590449795543 | F45: 2157269 | G45: 19.6113
A46: 43508 | B46: 2 | C46: 12 | D46: 2019 | E46: 494702393643 | F46: 1892060 | G46: 19.5352
A47: 43536 | B47: 3 | C47: 12 | D47: 2019 | E47: 365474338809 | F47: 1841098 | G47: 19.5717
A48: 43567 | B48: 4 | C48: 12 | D48: 2019 | E48: 367341532567 | F48: 1827202 | G48: 19.5678
A49: 43597 | B49: 5 | C49: 12 | D49: 2019 | E49: 472226087866 | F49: 1791066 | G49: 19.4707
A50: 43628 | B50: 6 | C50: 12 | D50: 2019 | E50: 443605870299 | F50: 1705883 | G50: 19.3688
A51: 43720 | B51: 9 | C51: 12 | D51: 2019 | E51: 414512274567 | F51: 1534450 | G51: 19.3247
A52: 43750 | B52: 10 | C52: 12 | D52: 2019 | E52: 405844242897 | F52: 1415801 | G52: 19.2302
A53: 43781 | B53: 11 | C53: 12 | D53: 2019 | E53: 466796969128 | F53: 1600927 | G53: 19.2362
A54: 13/12/2019 | B54: 13 | C54: 12 | D54: 2019 | E54: 588845921715 | F54: 2122841 | G54: 19.1785
A55: 16/12/2019 | B55: 16 | C55: 12 | D55: 2019 | E55: 526877905800 | F55: 1673806 | G55: 19.0455
A56: 17/12/2019 | B56: 17 | C56: 12 | D56: 2019 | E56: 443266578650 | F56: 1479430 | G56: 18.9702
A57: 18/12/2019 | B57: 18 | C57: 12 | D57: 2019 | E57: 485360246091 | F57: 1400837 | G57: 18.9165
A58: 19/12/2019 | B58: 19 | C58: 12 | D58: 2019 | E58: 473348382345 | F58: 1479425 | G58: 18.9542
A59: 20/12/2019 | B59: 20 | C59: 12 | D59: 2019 | E59: 579143754877 | F59: 1479143 | G59: 18.964
A60: 23/12/2019 | B60: 23 | C60: 12 | D60: 2019 | E60: 523298768670 | F60: 1207389 | G60: 18.9133
A61: 24/12/2019 | B61: 24 | C61: 12 | D61: 2019 | E61: 322758926566 | F61: 1003458 | G61: 18.9385
A62: 26/12/2019 | B62: 26 | C62: 12 | D62: 2019 | E62: 433810074011 | F62: 1058208 | G62: 18.9643
A63: 27/12/2019 | B63: 27 | C63: 12 | D63: 2019 | E63: 477574205924 | F63: 1156069 | G63: 18.9445
A64: 30/12/2019 | B64: 30 | C64: 12 | D64: 2019 | E64: 595909064263 | F64: 1390091 | G64: 18.8452
A65: 31/12/2019 | B65: 31 | C65: 12 | D65: 2019 | E65: 534519442806 | F65: 1130198 | G65: 18.8727
A66: 43862 | B66: 2 | C66: 1 | D66: 2020 | E66: 454142382960 | F66: 1265123 | G66: 18.8642
A67: 43891 | B67: 3 | C67: 1 | D67: 2020 | E67: 345896558358 | F67: 1247464 | G67: 18.8817
A68: 43983 | B68: 6 | C68: 1 | D68: 2020 | E68: 375767166781 | F68: 1153693 | G68: 18.8673
A69: 44013 | B69: 7 | C69: 1 | D69: 2020 | E69: 335469626601 | F69: 1023824 | G69: 18.827
A70: 44044 | B70: 8 | C70: 1 | D70: 2020 | E70: 380166589749 | F70: 1026674 | G70: 18.8852
A71: 44075 | B71: 9 | C71: 1 | D71: 2020 | E71: 365711908202 | F71: 1165581 | G71: 18.798
A72: 44105 | B72: 10 | C72: 1 | D72: 2020 | E72: 416099554363 | F72: 1287582 | G72: 18.8453
A73: 13/01/2020 | B73: 13 | C73: 1 | D73: 2020 | E73: 429702606820 | F73: 1218980 | G73: 18.7732
A74: 14/01/2020 | B74: 14 | C74: 1 | D74: 2020 | E74: 395895002878 | F74: 1561123 | G74: 18.8215
A75: 15/01/2020 | B75: 15 | C75: 1 | D75: 2020 | E75: 379215918197 | F75: 2035810 | G75: 18.812
A76: 16/01/2020 | B76: 16 | C76: 1 | D76: 2020 | E76: 389133695005 | F76: 1395791 | G76: 18.8077
A77: 17/01/2020 | B77: 17 | C77: 1 | D77: 2020 | E77: 409834898510 | F77: 1496564 | G77: 18.793
A78: 20/01/2020 | B78: 20 | C78: 1 | D78: 2020 | E78: 424851019278 | F78: 901905 | G78: 18.7388
A79: 21/01/2020 | B79: 21 | C79: 1 | D79: 2020 | E79: 316376830457 | F79: 1113628 | G79: 18.6725
A80: 22/01/2020 | B80: 22 | C80: 1 | D80: 2020 | E80: 342392558818 | F80: 890756 | G80: 18.7007
A81: 23/01/2020 | B81: 23 | C81: 1 | D81: 2020 | E81: 379768545640 | F81: 1122344 | G81: 18.6883
A82: 24/01/2020 | B82: 24 | C82: 1 | D82: 2020 | E82: 346764737638 | F82: 1172053 | G82: 18.8018
A83: 27/01/2020 | B83: 27 | C83: 1 | D83: 2020 | E83: 386900276645 | F83: 1113884 | G83: 18.8313
A84: 28/01/2020 | B84: 28 | C84: 1 | D84: 2020 | E84: 336442962391 | F84: 1097301 | G84: 18.9407
... A87: 31/01/2020 | B87: 31 | C87: 1 | D87: 2020 | E87: 537645649946 | F87: 2237360 | G87: 18.7853
A88: 43923 | B88: 4 | C88: 2 | D88: 2020 | E88: 487606705731 | F88: 1772088 | G88: 18.9082
A89: 43953 | B89: 5 | C89: 2 | D89: 2020 | E89: 375074302999 | F89: 1307611 | G89: 18.6797
A90: 43984 | B90: 6 | C90: 2 | D90: 2020 | E90: 357157163557 | F90: 1400757 | G90: 18.6245
A91: 44014 | B91: 7 | C91: 2 | D91: 2020 | E91: 416977163127 | F91: 1744486 | G91: 18.6645
A92: 44106 | B92: 10 | C92: 2 | D92: 2020 | E92: 363434258449 | F92: 1406398 | G92: 18.7763
A93: 44137 | B93: 11 | C93: 2 | D93: 2020 | E93: 332288187216 | F93: 1174722 | G93: 18.7653
A94: 44167 | B94: 12 | C94: 2 | D94: 2020 | E94: 339224770241 | F94: 1110328 | G94: 18.674
A95: 13/02/2020 | B95: 13 | C95: 2 | D95: 2020 | E95: 386777488328 | F95: 1674209 | G95: 18.6308
A96: 14/02/2020 | B96: 14 | C96: 2 | D96: 2020 | E96: 428312227934 | F96: 2763147 | G96: 18.6458
A97: 17/02/2020 | B97: 17 | C97: 2 | D97: 2020 | E97: 374547445320 | F97: 1682350 | G97: 18.5712
A98: 18/02/2020 | B98: 18 | C98: 2 | D98: 2020 | E98: 349846561754 | F98: 1512326 | G98: 18.5715
A99: 19/02/2020 | B99: 19 | C99: 2 | D99: 2020 | E99: 328183069272 | F99: 1309191 | G99: 18.5952
A100: 20/02/2020 | B100: 20 | C100: 2 | D100: 2020 | E100: 399626839082 | F100: 1218852 | G100: 18.591
A101: 21/02/2020 | B101: 21 | C101: 2 | D101: 2020 | E101: 355476538906 | F101: 1351720 | G101: 18.7992
A102: 24/02/2020 | B102: 24 | C102: 2 | D102: 2020 | E102: 381666248573 | F102: 1212146 | G102: 18.9138
A103: 25/02/2020 | B103: 25 | C103: 2 | D103: 2020 | E103: 351267440561 | F103: 1241856 | G103: 19.1197
...

Sheet spidPromedio
A1: Date | B1: dia | C1: mes | D1: ano | E1: montoSpid | F1: montoSpei | G1: montoCodi | H1: tc
A2: 43474 | B2: 1 | C2: 9 | D2: 2019 | E2: 19003.2 | F2: =SUMIFS(general_spid!$E:$E,general_spid!$C:$C,C2,general_spid!$D:$D,D2) -> 591819872132 | G2: =SUMIFS(general_spid!$F:$F,general_spid!$C:$C,C2,general_spid!$D:$D,D2) -> 187009 | H2: =AVERAGEIFS(general_spid!$G:$G,general_spid!$C:$C,C2,general_spid!$D:$D,D2) -> 19.6808
A3: 43475 | B3: 1 | C3: 10 | D3: 2019 | E3: 19127.1 | F3: =SUMIFS(general_spid!$E:$E,general_spid!$C:$C,C3,general_spid!$D:$D,D3) -> 8593774440204 | G3: =SUMIFS(general_spid!$F:$F,general_spid!$C:$C,C3,general_spid!$D:$D,D3) -> 16462731 | H3: =AVERAGEIFS(general_spid!$G:$G,general_spid!$C:$C,C3,general_spid!$D:$D,D3) -> 19.347648
A4: 43476 | B4: 1 | C4: 11 | D4: 2019 | E4: 17797.8 | F4: =SUMIFS(general_spid!$E:$E,general_spid!$C:$C,C4,general_spid!$D:$D,D4) -> 8008363248854 | G4: =SUMIFS(general_spid!$F:$F,general_spid!$C:$C,C4,general_spid!$D:$D,D4) -> 28662686 | H4: =AVERAGEIFS(general_spid!$G:$G,general_spid!$C:$C,C4,general_spid!$D:$D,D4) -> 19.315455
A5: 43477 | B5: 1 | C5: 12 | D5: 2019 | E5: 20995.6 | F5: =SUMIFS(general_spid!$E:$E,general_spid!$C:$C,C5,general_spid!$D:$D,D5) -> 9415216981494 | G5: =SUMIFS(general_spid!$F:$F,general_spid!$C:$C,C5,general_spid!$D:$D,D5) -> 30189382 | H5: =AVERAGEIFS(general_spid!$G:$G,general_spid!$C:$C,C5,general_spid!$D:$D,D5) -> 19.140635
A6: 43831 | B6: 1 | C6: 1 | D6: 2020 | E6: 18610.6 | F6: =SUMIFS(general_spid!$E:$E,general_spid!$C:$C,C6,general_spid!$D:$D,D6) -> 8563080396589 | G6: =SUMIFS(general_spid!$F:$F,general_spid!$C:$C,C6,general_spid!$D:$D,D6) -> 29040271 | H6: =AVERAGEIFS(general_spid!$G:$G,general_spid!$C:$C,C6,general_spid!$D:$D,D6) -> 18.802018
A7: 43832 | B7: 1 | C7: 2 | D7: 2020 | E7: 16769.2 | F7: =SUMIFS(general_spid!$E:$E,general_spid!$C:$C,C7,general_spid!$D:$D,D7) -> 7461715858905 | G7: =SUMIFS(general_spid!$F:$F,general_spid!$C:$C,C7,general_spid!$D:$D,D7) -> 29920832 | H7: =AVERAGEIFS(general_spid!$G:$G,general_spid!$C:$C,C7,general_spid!$D:$D,D7) -> 18.798647
A8: 43833 | B8: 1 | C8: 3 | D8: 2020 | E8: 20382.6 | F8: =SUMIFS(general_spid!$E:$E,general_spid!$C:$C,C8,general_spid!$D:$D,D8) -> 9822058167944 | G8: =SUMIFS(general_spid!$F:$F,general_spid!$C:$C,C8,general_spid!$D:$D,D8) -> 46617113 | H8: =AVERAGEIFS(general_spid!$G:$G,general_spid!$C:$C,C8,general_spid!$D:$D,D8) -> 22.201795
A9: 43834 | B9: 1 | C9: 4 | D9: 2020 | E9: 20041 | F9: =SUMIFS(general_spid!$E:$E,general_spid!$C:$C,C9,general_spid!$D:$D,D9) -> 8636332018296 | G9: =SUMIFS(general_spid!$F:$F,general_spid!$C:$C,C9,general_spid!$D:$D,D9) -> 44714059 | H9: =AVERAGEIFS(general_spid!$G:$G,general_spid!$C:$C,C9,general_spid!$D:$D,D9) -> 24.24366
A10: 43835 | B10: 1 | C10: 5 | D10: 2020 | E10: 18385.6 | F10: =SUMIFS(general_spid!$E:$E,general_spid!$C:$C,C10,general_spid!$D:$D,D10) -> 7739580224334 | G10: =SUMIFS(general_spid!$F:$F,general_spid!$C:$C,C10,general_spid!$D:$D,D10) -> 60313113 | H10: =AVERAGEIFS(general_spid!$G:$G,general_spid!$C:$C,C10,general_spid!$D:$D,D10) -> 23.510545
A11: 43836 | B11: 1 | C11: 6 | D11: 2020 | E11: 14691.6 | F11: =SUMIFS(general_spid!$E:$E,general_spid!$C:$C,C11,general_spid!$D:$D,D11) -> 8477671826834 | G11: =SUMIFS(general_spid!$F:$F,general_spid!$C:$C,C11,general_spid!$D:$D,D11) -> 75136803 | H11: =AVERAGEIFS(general_spid!$G:$G,general_spid!$C:$C,C11,general_spid!$D:$D,D11) -> 22.257527
A12: 43837 | B12: 1 | C12: 7 | D12: 2020 | E12: 16613.5 | F12: =SUMIFS(general_spid!$E:$E,general_spid!$C:$C,C12,general_spid!$D:$D,D12) -> 8807530512260 | G12: =SUMIFS(general_spid!$F:$F,general_spid!$C:$C,C12,general_spid!$D:$D,D12) -> 95204664 | H12: =AVERAGEIFS(general_spid!$G:$G,general_spid!$C:$C,C12,general_spid!$D:$D,D12) -> 22.441896
A13: 43838 | B13: 1 | C13: 8 | D13: 2020 | E13: 15094.6 | F13: =SUMIFS(general_spid!$E:$E,general_spid!$C:$C,C13,general_spid!$D:$D,D13) -> 8414485492016 | G13: =SUMIFS(general_spid!$F:$F,general_spid!$C:$C,C13,general_spid!$D:$D,D13) -> 82753175 | H13: =AVERAGEIFS(general_spid!$G:$G,general_spid!$C:$C,C13,general_spid!$D:$D,D13) -> 22.222076
... A73: 45665 | B73: 1 | C73: 8 | D73: 2025 | E73: 37835.6 | F73: =SUMIFS(general_spid!$E:$E,general_spid!$C:$C,C73,general_spid!$D:$D,D73) -> 14256759408683 | G73: =SUMIFS(general_spid!$F:$F,general_spid!$C:$C,C73,general_spid!$D:$D,D73) -> 260739612 | H73: =AVERAGEIFS(general_spid!$G:$G,general_spid!$C:$C,C73,general_spid!$D:$D,D73) -> 18.713581

Sheet spidMediana
A1: Date | B1: dia | C1: mes | D1: ano | E1: montoSpid | F1: montoSpei | G1: montoCodi | H1: tc
A2: 43474 | B2: 1 | C2: 9 | D2: 2019 | E2: 19003.2 | F2: =SUMIFS(general_spid!$E:$E,general_spid!$C:$C,C2,general_spid!$D:$D,D2) -> 591819872132 | G2: =SUMIFS(general_spid!$F:$F,general_spid!$C:$C,C2,general_spid!$D:$D,D2) -> 187009 | H2: {=MEDIAN(_xlfn._xlws.FILTER(general_spid!$G:$G,(general_spid!$C:$C=C2)*(general_spid!$D:$D=D2)))} -> 19.6808
A3: 43475 | B3: 1 | C3: 10 | D3: 2019 | E3: 19127.1 | F3: =SUMIFS(general_spid!$E:$E,general_spid!$C:$C,C3,general_spid!$D:$D,D3) -> 8593774440204 | G3: =SUMIFS(general_spid!$F:$F,general_spid!$C:$C,C3,general_spid!$D:$D,D3) -> 16462731 | H3: {=MEDIAN(_xlfn._xlws.FILTER(general_spid!$G:$G,(general_spid!$C:$C=C3)*(general_spid!$D:$D=D3)))} -> 19.252
A4: 43476 | B4: 1 | C4: 11 | D4: 2019 | E4: 17797.8 | F4: =SUMIFS(general_spid!$E:$E,general_spid!$C:$C,C4,general_spid!$D:$D,D4) -> 8008363248854 | G4: =SUMIFS(general_spid!$F:$F,general_spid!$C:$C,C4,general_spid!$D:$D,D4) -> 28662686 | H4: {=MEDIAN(_xlfn._xlws.FILTER(general_spid!$G:$G,(general_spid!$C:$C=C4)*(general_spid!$D:$D=D4)))} -> 19.29325
A5: 43477 | B5: 1 | C5: 12 | D5: 2019 | E5: 20995.6 | F5: =SUMIFS(general_spid!$E:$E,general_spid!$C:$C,C5,general_spid!$D:$D,D5) -> 9415216981494 | G5: =SUMIFS(general_spid!$F:$F,general_spid!$C:$C,C5,general_spid!$D:$D,D5) -> 30189382 | H5: {=MEDIAN(_xlfn._xlws.FILTER(general_spid!$G:$G,(general_spid!$C:$C=C5)*(general_spid!$D:$D=D5)))} -> 19.00785
A6: 43831 | B6: 1 | C6: 1 | D6: 2020 | E6: 18610.6 | F6: =SUMIFS(general_spid!$E:$E,general_spid!$C:$C,C6,general_spid!$D:$D,D6) -> 8563080396589 | G6: =SUMIFS(general_spid!$F:$F,general_spid!$C:$C,C6,general_spid!$D:$D,D6) -> 29040271 | H6: {=MEDIAN(_xlfn._xlws.FILTER(general_spid!$G:$G,(general_spid!$C:$C=C6)*(general_spid!$D:$D=D6)))} -> 18.80495
A7: 43832 | B7: 1 | C7: 2 | D7: 2020 | E7: 16769.2 | F7: =SUMIFS(general_spid!$E:$E,general_spid!$C:$C,C7,general_spid!$D:$D,D7) -> 7461715858905 | G7: =SUMIFS(general_spid!$F:$F,general_spid!$C:$C,C7,general_spid!$D:$D,D7) -> 29920832 | H7: {=MEDIAN(_xlfn._xlws.FILTER(general_spid!$G:$G,(general_spid!$C:$C=C7)*(general_spid!$D:$D=D7)))} -> 18.6797
A8: 43833 | B8: 1 | C8: 3 | D8: 2020 | E8: 20382.6 | F8: =SUMIFS(general_spid!$E:$E,general_spid!$C:$C,C8,general_spid!$D:$D,D8) -> 9822058167944 | G8: =SUMIFS(general_spid!$F:$F,general_spid!$C:$C,C8,general_spid!$D:$D,D8) -> 46617113 | H8: {=MEDIAN(_xlfn._xlws.FILTER(general_spid!$G:$G,(general_spid!$C:$C=C8)*(general_spid!$D:$D=D8)))} -> 22.1518
A9: 43834 | B9: 1 | C9: 4 | D9: 2020 | E9: 20041 | F9: =SUMIFS(general_spid!$E:$E,general_spid!$C:$C,C9,general_spid!$D:$D,D9) -> 8636332018296 | G9: =SUMIFS(general_spid!$F:$F,general_spid!$C:$C,C9,general_spid!$D:$D,D9) -> 44714059 | H9: {=MEDIAN(_xlfn._xlws.FILTER(general_spid!$G:$G,(general_spid!$C:$C=C9)*(general_spid!$D:$D=D9)))} -> 24.16265
A10: 43835 | B10: 1 | C10: 5 | D10: 2020 | E10: 18385.6 | F10: =SUMIFS(general_spid!$E:$E,general_spid!$C:$C,C10,general_spid!$D:$D,D10) -> 7739580224334 | G10: =SUMIFS(general_spid!$F:$F,general_spid!$C:$C,C10,general_spid!$D:$D,D10) -> 60313113 | H10: {=MEDIAN(_xlfn._xlws.FILTER(general_spid!$G:$G,(general_spid!$C:$C=C10)*(general_spid!$D:$D=D10)))} -> 23.7574
A11: 43836 | B11: 1 | C11: 6 | D11: 2020 | E11: 14691.6 | F11: =SUMIFS(general_spid!$E:$E,general_spid!$C:$C,C11,general_spid!$D:$D,D11) -> 8477671826834 | G11: =SUMIFS(general_spid!$F:$F,general_spid!$C:$C,C11,general_spid!$D:$D,D11) -> 75136803 | H11: {=MEDIAN(_xlfn._xlws.FILTER(general_spid!$G:$G,(general_spid!$C:$C=C11)*(general_spid!$D:$D=D11)))} -> 22.3065
A12: 43837 | B12: 1 | C12: 7 | D12: 2020 | E12: 16613.5 | F12: =SUMIFS(general_spid!$E:$E,general_spid!$C:$C,C12,general_spid!$D:$D,D12) -> 8807530512260 | G12: =SUMIFS(general_spid!$F:$F,general_spid!$C:$C,C12,general_spid!$D:$D,D12) -> 95204664 | H12: {=MEDIAN(_xlfn._xlws.FILTER(general_spid!$G:$G,(general_spid!$C:$C=C12)*(general_spid!$D:$D=D12)))} -> 22.4147
A13: 43838 | B13: 1 | C13: 8 | D13: 2020 | E13: 15094.6 | F13: =SUMIFS(general_spid!$E:$E,general_spid!$C:$C,C13,general_spid!$D:$D,D13) -> 8414485492016 | G13: =SUMIFS(general_spid!$F:$F,general_spid!$C:$C,C13,general_spid!$D:$D,D13) -> 82753175 | H13: {=MEDIAN(_xlfn._xlws.FILTER(general_spid!$G:$G,(general_spid!$C:$C=C13)*(general_spid!$D:$D=D13)))} -> 22.176
... A73: 45665 | B73: 1 | C73: 8 | D73: 2025 | E73: 37835.6 | F73: =SUMIFS(general_spid!$E:$E,general_spid!$C:$C,C73,general_spid!$D:$D,D73) -> 14256759408683 | G73: =SUMIFS(general_spid!$F:$F,general_spid!$C:$C,C73,general_spid!$D:$D,D73) -> 260739612 | H73: {=MEDIAN(_xlfn._xlws.FILTER(general_spid!$G:$G,(general_spid!$C:$C=C73)*(general_spid!$D:$D=D73)))} -> 18.6912
